,City,Latitude,Longitude,Temperature Â°F,Humidity (%),Cloud Coverage (%),Wind Speed (MPH)
0,Puerto Ayora,-22.313712414219495,-105.20007113486042,76.37,94.0,75.0,1.14
1,Ushuaia,-79.24920917871137,-19.108186101458926,77.0,27.0,0.0,20.71
2,Mataura,-51.88432643258759,-154.94662639569577,50.0,89.0,100.0,13.6
3,Lagoa,51.57211599352871,-29.995325767485838,58.15,64.0,86.0,36.26
4,East London,-56.63844693236508,43.25080946022061,76.17,87.0,8.0,11.88
5,Port Elizabeth,-86.10210270756252,38.75454798618375,73.4,94.0,40.0,5.75
6,Khormuj,27.719114610978608,51.22126297828291,,,,
7,Vaini,-44.82900730915346,-169.80261149392084,78.8,89.0,75.0,9.22
8,Kahului,24.784727652967533,-152.12981842213034,71.74,60.0,40.0,17.27
9,Atuona,-3.46966610785843,-149.6864074936109,79.38,76.0,0.0,17.85
10,Gizo,-7.585302478024744,157.03419134635897,82.92,76.0,94.0,8.48
11,Sao Joao Da Barra,-25.07324579738855,-35.03469367735886,82.4,57.0,0.0,16.11
12,Rikitea,-71.627555584713,-124.04469229351236,78.51,75.0,20.0,13.44
13,Zhob,31.767422521731163,68.18295717403583,51.6,40.0,0.0,4.29
14,Hermanus,-48.30690604311935,14.208110432907375,69.01,81.0,2.0,3.0
15,Nelson Bay,-38.33234920272456,159.260830555643,60.78,100.0,20.0,1.14
16,Punta Arenas,-68.45445672646163,-109.50571286465859,68.0,52.0,0.0,8.05
17,Pangnirtung,64.28528641448446,-62.66408123166893,8.6,61.0,1.0,3.44
18,Busselton,-60.63981374844892,93.15677912855506,54.63,98.0,12.0,6.87
19,Pemberton,50.571540340960894,-123.28956114462935,14.0,48.0,90.0,5.75
20,Provideniya,48.489623902455094,-179.0705127317185,-9.4,70.0,0.0,13.42
21,Kaitangata,-55.910076668165004,171.61906441909906,57.0,54.0,93.0,11.01
22,Sao Filipe,12.355180158841534,-33.99219396453387,72.09,74.0,38.0,6.24
23,Illoqqortoormiut,74.36879919678873,-26.059953697337875,,,,
24,Taolanaro,-79.33373713473325,63.07800815151239,,,,
25,Galgani,12.672243424951006,33.79042097603977,,,,
26,Tineo,43.29894323451745,-6.464677482276983,50.32,87.0,20.0,2.3
27,Monrovia,0.29332216983696924,-15.380727182576805,78.8,94.0,40.0,7.58
28,Yellowknife,75.5509668441988,-106.75725558810986,-7.19,71.0,20.0,11.5
29,Inderborskiy,49.013721446124805,52.848348490479054,,,,
30,Qaanaaq,85.35994596142731,-77.33172407713846,4.59,73.0,100.0,11.63
31,Maarianhamina,59.971378005044215,20.63917545071584,14.0,92.0,75.0,4.61
32,Xichang,29.26950369647939,100.3022600227402,44.11,63.0,51.0,0.67
33,Flagstaff,35.90107507633765,-112.38773616825694,45.18,33.0,90.0,6.91
34,Bluff,-83.3868119134402,175.96067946506543,53.65,87.0,100.0,34.47
35,Port Hedland,-17.02144290557797,118.22169054724344,80.6,89.0,40.0,5.75
36,Aswan,22.190983538205202,31.477952410091916,68.9,38.0,54.0,7.9
37,Saint George,33.47467890076082,-53.62287337836224,62.94,31.0,1.0,4.61
38,Ribeira Grande,42.6994701436175,-33.73254381242313,60.8,63.0,40.0,26.46
39,Butaritari,20.254880291095233,165.4037737857248,81.59,76.0,100.0,16.6
40,Isangel,-22.080027703539088,178.37959138818258,82.4,78.0,40.0,4.61
41,Bonthe,1.8810035501934692,-17.62338719825172,79.5,82.0,64.0,8.5
42,Kupang,-13.139783528191487,121.62278961626987,78.85,81.0,88.0,3.18
43,Olafsvik,60.12641272621616,-26.55909194725683,37.36,80.0,100.0,16.6
44,Bethel,58.54967055147574,-158.02252056170556,30.06,43.0,1.0,4.61
45,Beringovskiy,54.965167211442434,176.88188450786828,-21.12,87.0,89.0,13.02
46,Marawi,21.14580618302915,29.798625884968175,73.99,92.0,39.0,5.99
47,Leningradskiy,71.57009524290874,176.95498351475527,-29.42,83.0,16.0,8.77
48,Vardo,74.59081068091726,33.64113481804037,23.0,93.0,90.0,33.38
49,Castro,-43.16542795308056,-93.88888951215422,67.06,88.0,20.0,7.34
50,Faanui,-2.473079875866034,-155.79014431329915,81.59,70.0,0.0,11.21
51,Samusu,-4.478997374022086,-165.66151807896435,,,,
52,Hambantota,-2.1451362596629906,84.39081324168035,73.11,74.0,100.0,16.06
53,Amazar,52.392233375679666,121.02276690888283,6.42,93.0,100.0,2.57
54,Saldanha,-34.56818013001243,12.683589402077587,66.2,77.0,0.0,12.66
55,Nikolskoye,48.22946949752847,175.47593135040302,3.78,85.0,20.0,2.24
56,Pustoshka,56.132709760506,29.174571128929898,7.02,95.0,100.0,5.03
57,Acapulco,12.776853539735853,-100.50326496235567,86.0,58.0,1.0,8.05
58,Havelock,32.713135568228225,-76.1571589168408,52.07,76.0,90.0,14.97
59,La Palma,6.902859276726886,-80.31712172477297,60.4,55.0,90.0,9.22
60,Scarborough,56.88286121706534,1.6918195284721662,31.82,60.0,80.0,5.99
61,Bardejov,49.46617656075253,21.338047968658344,24.35,90.0,100.0,5.99
62,Chuy,-64.43613459163565,-19.729503370182243,74.39,77.0,100.0,10.98
63,Nador,34.87388507040309,-2.9848893994018226,60.15,77.0,0.0,11.5
64,Hithadhoo,-9.400865208912663,81.29079859251448,81.77,78.0,49.0,11.86
65,Kilifi,-3.3296657135321226,39.82589526220457,80.6,74.0,20.0,11.5
66,Broome,-17.625810360399782,119.590224754242,23.04,45.0,20.0,6.91
67,Omboue,-2.809490790453296,7.903545891040352,79.56,89.0,100.0,3.71
68,Sistranda,63.67080872239271,8.482627982164729,10.4,85.0,20.0,9.22
69,Padang,-2.239651025805898,99.89110221682165,75.2,83.0,40.0,2.3
70,Touros,-0.7988158849089046,-28.35720724071507,84.2,70.0,40.0,13.8
71,Kapaa,10.460754820681203,-173.28894090632616,72.03,53.0,20.0,11.5
72,Esperance,-33.85573113321016,121.9478334695417,59.0,77.0,90.0,11.5
73,Jiuquan,42.63316012418713,99.57598897446655,30.04,79.0,0.0,7.96
74,Tucuman,-27.369523788955433,-65.4580385387544,77.0,61.0,40.0,5.75
75,Albany,-53.29483944153466,123.63469064798596,27.21,44.0,100.0,6.49
76,Sentyabrskiy,43.30777502925824,150.89839847545562,,,,
77,Sabha,26.672000758224414,13.921202777565838,63.79,26.0,0.0,8.57
78,Kodiak,41.65769801442295,-149.46728246236015,35.6,80.0,90.0,18.41
79,Dikson,72.53256834650537,81.68886356701961,-21.28,88.0,55.0,8.41
80,Fairbanks,65.25904429128946,-144.24218694076137,-4.07,71.0,90.0,2.84
81,Mazatlan,22.952113630580655,-106.92846452090397,73.83,68.0,20.0,9.22
82,Guerrero Negro,23.08935325552308,-117.55717586783746,61.14,60.0,83.0,17.6
83,Morgan City,27.402603217163204,-91.77748146290648,75.97,83.0,90.0,6.91
84,Bartica,6.219621331710712,-60.349928347489836,84.2,61.0,40.0,11.5
85,Yerbogachen,60.73844571141066,109.91893902230163,-8.73,90.0,100.0,4.12
86,Camacupa,-11.08392670376277,16.961519325711805,63.52,97.0,100.0,4.59
87,Lucena,37.32328642041094,-4.475040624742945,75.0,96.0,32.0,1.77
88,Oranjemund,-32.6579921216333,8.498528069646483,66.25,76.0,5.0,10.54
89,Tumannyy,75.15890438060708,37.871538292557545,,,,
90,Muhos,65.08596401897958,26.456458934110486,-7.6,77.0,90.0,4.61
91,Rockhampton,-23.546813350248186,149.85961692897803,73.4,78.0,90.0,4.61
92,Siocon,8.893532321128347,120.8419108105752,77.61,85.0,42.0,1.41
93,Douglas,43.20887013500621,-105.28066930594505,14.52,41.0,1.0,4.61
94,Isla Mujeres,21.82279708889061,-86.07047157436547,82.18,58.0,75.0,11.5
95,Chicama,-14.099543785239732,-88.58499834031049,78.8,65.0,30.0,10.36
96,Puri,18.787509492194616,85.89312787378418,66.2,88.0,0.0,8.3
97,Hobart,-46.06242076577588,149.67399326371338,53.08,71.0,0.0,6.91
98,Saint Anthony,53.73402824084715,-51.16214088762237,7.68,47.0,1.0,14.97
99,Teguise,31.333497614072257,-13.050610770875409,64.4,77.0,20.0,5.75
100,Les Escoumins,48.580450481361254,-69.90686314161276,18.23,73.0,98.0,8.05
101,Vila Franca Do Campo,36.26206859106338,-25.26790158670954,60.91,82.0,20.0,18.41
102,Suhbaatar,50.00620369150258,106.45421893978016,14.74,93.0,100.0,4.65
103,Coihaique,-46.70911032370168,-71.60885970583197,91.4,24.0,0.0,10.36
104,Amderma,69.28905953696827,62.012937712999786,,,,
105,Ponta Do Sol,15.418759297731071,-38.33480735246775,57.81,75.0,83.0,1.01
106,Attawapiskat,60.57326283990497,-88.57760077159654,,,,
107,Baghdad,29.949957945267812,44.22931879000265,57.2,67.0,0.0,1.14
108,Longyearbyen,82.38874329090905,21.372063333964803,10.4,72.0,90.0,21.85
109,Nizhneyansk,89.82638090868781,141.31862653584426,,,,
110,Muravlenko,63.42100162567064,72.0218394055943,-23.89,85.0,100.0,15.88
111,Cidreira,-57.61444903219337,-19.099858723588426,75.72,80.0,79.0,14.99
112,Pisco,-26.38450156549426,-96.74423172190804,76.15,73.0,75.0,10.36
113,Codrington,19.92174635855872,-58.87676838729193,68.22,58.0,84.0,8.19
114,Nanortalik,61.02791353355434,-44.36982423965958,24.17,89.0,28.0,11.83
115,Cape Town,-66.11272776943106,-16.76681856445407,70.45,73.0,0.0,16.11
116,Lebu,-38.187564296102956,-85.95695288642045,68.47,67.0,1.0,9.06
117,Saint-Philippe,-61.401986093226505,69.54819659712726,74.07,69.0,0.0,4.61
118,Severo-Kurilsk,44.894168161841264,161.32022115607816,24.51,88.0,100.0,2.21
119,Georgetown,-9.728144936348983,-12.614406879060937,79.27,83.0,20.0,2.3
120,Caravelas,-19.794790694277566,-33.897704900845724,77.86,74.0,34.0,7.02
121,Sitka,49.428729365364745,-140.2276794138216,21.2,38.0,1.0,6.87
122,Salinas,-2.8692737436476534,-81.79837189814211,56.05,72.0,20.0,11.5
123,San Quintin,19.891954457436782,-127.52649222918805,59.41,63.0,9.0,16.08
124,Deputatskiy,70.74438550961051,143.10537642122273,-22.86,89.0,43.0,2.44
125,Barrow,75.35617353037179,-151.92201877604606,-25.6,68.0,1.0,10.36
126,Dharchula,29.67849626908972,81.3925685453467,49.69,38.0,0.0,7.7
127,Mar Del Plata,-55.79075298370071,-34.78139568782288,68.18,78.0,40.0,17.27
128,Ravar,32.06501826773177,56.551871396398695,55.98,36.0,96.0,3.11
129,Krasnoborsk,61.46286440222178,46.05078160285731,-10.57,86.0,0.0,1.57
130,Grimma,51.08549328584772,12.728858005189153,7.05,85.0,92.0,3.44
131,Ust-Nera,64.99024971164303,140.8433808828342,2.77,85.0,36.0,4.97
132,Podporozhye,61.08623061516653,34.68093613044692,-2.87,92.0,100.0,3.18
133,Pierre,43.09659245785252,-100.00554781732522,10.35,33.0,90.0,9.22
134,Oksfjord,74.63588144010612,21.623894237733026,22.17,86.0,90.0,6.91
135,Lorengau,-0.03404292264102082,147.85763436752887,78.33,88.0,100.0,21.36
136,Iqaluit,66.36901232144629,-70.05178400961859,12.2,79.0,75.0,3.44
137,Phan Thiet,10.698753655843817,107.9028431124081,70.45,89.0,11.0,4.92
138,Kavieng,11.568037266956026,154.94976330900147,82.2,76.0,85.0,8.1
139,Katobu,-5.410983054361651,122.01813042483951,75.99,88.0,44.0,1.7
140,Moyale,4.152448702076313,39.20781039874825,72.43,34.0,18.0,9.15
141,Jacareacanga,-7.96826634613447,-58.205520332008334,87.8,66.0,20.0,6.91
142,Acajutla,11.688975312382453,-90.74430502999901,87.8,40.0,40.0,2.3
143,Steinbach,49.10352678466316,-96.89011265696729,21.15,79.0,20.0,6.91
144,Saskylakh,78.98749440399786,120.18047775496319,-21.95,83.0,0.0,8.9
145,Port Alfred,-60.99800932385806,36.590273731488935,75.0,94.0,16.0,1.99
146,Krasnoselkup,67.37582008591363,82.02267806984759,-22.79,87.0,100.0,5.55
147,Middelburg,-25.979387336649538,29.433492586806068,63.46,83.0,6.0,9.31
148,Jibuti,11.10766928888357,43.26468086994919,73.4,73.0,1.0,10.31
149,Thompson,73.94688433807505,-94.36557717977988,-18.4,63.0,75.0,6.91
150,Caluquembe,-13.812138636872234,13.627220891671016,60.57,84.0,100.0,6.38
151,Bambous Virieux,-28.79585763522401,71.0317970400354,77.94,78.0,75.0,11.5
152,Santa Maria Da Vitoria,-13.757782565510212,-44.21338642176096,77.16,78.0,1.0,1.5
153,Umm Lajj,23.021766488460912,35.96410349750653,76.35,54.0,97.0,9.17
154,Norman Wells,74.89110605196069,-122.6384448557364,-31.0,68.0,75.0,8.12
155,Tabukiniberu,-1.4354836744876849,176.00156485388538,,,,
156,Kavaratti,12.120672688008113,63.57720823341256,81.09,62.0,72.0,6.22
157,Kuche,43.0927933293504,83.81745997948173,,,,
158,Tuatapere,-45.88880657945813,161.10678918688683,51.66,89.0,100.0,14.76
159,Rio Gallegos,-51.19416205299493,-69.47272876849988,78.8,29.0,0.0,10.36
160,Oskemen,49.03344842537493,82.07359741743107,-13.0,84.0,75.0,2.24
161,Nizhnyaya Pavlovka,51.6220134727302,54.562796969209074,,,,
162,Fortuna,38.463063665037,-140.97167802139145,56.44,71.0,1.0,5.37
163,Puerto Escondido,11.154271712682288,-98.49085186840612,86.0,70.0,20.0,5.75
164,Grand River South East,-24.32835698460636,70.80190575424302,,,,
165,Bredasdorp,-85.99056500861595,13.568852892783923,68.0,77.0,43.0,6.91
166,Cabo San Lucas,22.532332330858438,-108.5892926456245,74.53,56.0,1.0,19.57
167,Mys Shmidta,74.02762901187077,-176.07583942163572,,,,
168,Kawalu,-12.997579196509562,107.59506922974168,71.56,92.0,70.0,0.92
169,Semnan,34.55830492516179,54.14372077252153,51.4,46.0,100.0,2.17
170,Voh,-23.00696061796357,162.49573058038646,76.78,79.0,62.0,4.97
171,Qazvin,36.57096838793301,50.3007142037747,48.2,49.0,0.0,4.61
172,Rocha,-50.26398829539189,-39.65692119398062,73.69,73.0,68.0,11.7
173,Tuxpan,21.82743658247466,-105.9890468207987,80.6,47.0,40.0,7.78
174,Waipawa,-41.758209220629226,176.06515444766268,62.87,59.0,98.0,14.97
175,Belushya Guba,73.98378492938986,57.00326411802183,,,,
176,Akyab,17.248803775682134,90.65030028373064,64.71,64.0,3.0,6.69
177,Orlik,51.961558057583204,98.83112791640002,-2.79,83.0,100.0,1.12
178,Cherskiy,86.87271969254317,161.73374542772535,-10.86,85.0,0.0,2.95
179,San Patricio,13.151636846447204,-110.3085038455597,77.0,78.0,75.0,9.22
180,Banjar,-9.825499735205653,106.39842360704506,78.8,89.0,20.0,4.61
181,Markova,59.02361442109145,106.27759763520754,33.08,95.0,100.0,2.19
182,Kosh-Agach,50.90115571741262,88.89926031710968,-20.61,72.0,12.0,0.38
183,Bairiki,0.07552900431676335,164.82875267045307,80.6,78.0,75.0,12.66
184,Bargal,10.140612774855214,55.884020141407035,,,,
185,Ust-Kulom,61.26667407667455,53.963586196187606,-18.72,88.0,56.0,1.61
186,North Bend,43.49491954376339,-129.27330381870937,48.7,81.0,75.0,3.44
187,Tsihombe,-32.46044647582991,44.07075324623321,,,,
188,Hokitika,-42.840006812082216,170.50317074177894,57.04,74.0,41.0,9.78
189,Hilo,12.003305894773263,-151.07760112895826,71.28,78.0,90.0,6.91
190,Marsh Harbour,27.888633920100645,-73.4706279940935,75.25,76.0,81.0,10.87
191,Imeni Poliny Osipenko,53.41301340088057,136.45027849531692,-0.09,92.0,100.0,4.43
192,Menongue,-16.204832518598735,17.3523126075805,63.93,74.0,100.0,1.79
193,Kokopo,-4.737584391476048,152.8017782737606,78.75,82.0,48.0,4.32
194,Komsomolskiy,66.27449821144154,171.93324357143064,46.4,76.0,100.0,4.61
195,Sorland,69.84714837936158,9.8660351425072,19.4,86.0,40.0,3.44
196,Yulara,-23.951029070239528,130.8222146233906,86.0,58.0,40.0,10.36
197,Khasan,39.59310897374101,131.9403208621876,22.84,93.0,0.0,5.57
198,Ilulissat,82.88252297884941,-43.4839599220671,15.8,38.0,1.0,18.41
199,Tiksi,78.42603765539232,122.13808466056054,-12.21,88.0,100.0,2.86
200,Satitoa,-15.128790442332914,-166.02720923188696,,,,
201,Tuktoyaktuk,76.55803905077067,-134.273252778683,-27.4,68.0,20.0,12.66
202,Pangoa,-11.08627369347343,-72.74461026228384,69.57,94.0,100.0,2.26
203,Zaraza,8.676022317528506,-65.50570102471771,86.85,40.0,45.0,12.77
204,Poum,-21.408038032861697,160.72900434831098,78.8,74.0,32.0,14.54
205,Taltal,-24.93038353615603,-80.4508781034822,68.72,67.0,35.0,4.9
206,Vaitupu,0.25105522230475685,-175.2326887349608,,,,
207,Qui Nhon,14.672516692815393,111.09294292232863,69.21,81.0,100.0,11.14
208,Toamasina,-18.605358512503088,51.29147853552368,77.0,94.0,75.0,9.22
209,Xiongzhou,25.108510734679584,114.93810028494727,54.01,88.0,92.0,0.49
210,Bandarbeyla,7.1947777961038355,57.074250924179154,74.44,72.0,64.0,18.77
211,Saint-Prosper,46.2939081922097,-69.65614826098135,17.6,45.0,100.0,5.75
212,Basqal,40.96270854259774,48.30364703080551,39.2,93.0,100.0,2.3
213,Udachnyy,68.11355856663045,112.49438170793627,-23.69,85.0,74.0,5.39
214,Karera,25.226028371093008,78.02835070954569,59.9,48.0,32.0,2.24
215,Eyl,8.70628532486242,50.27298223695311,73.49,70.0,78.0,17.45
216,Marcona,-18.364542603367553,-80.54427633570324,,,,
217,Avarua,-25.640356656994072,-165.68846296584618,84.2,70.0,20.0,11.5
218,Puerto Carreno,6.6423645024397615,-67.91547296709349,93.72,34.0,1.0,17.9
219,Mae Sai,20.411343157839426,99.05756003176765,55.22,100.0,0.0,2.3
220,Custoias,40.99331010805611,-7.383294034570298,50.0,91.0,100.0,4.25
221,Marzuq,23.046775132597006,17.578663278883795,56.8,38.0,43.0,4.03
222,Cordoba,-31.384609734895584,-63.174381043054865,72.46,60.0,75.0,9.22
223,Bolungarvik,68.39587418575422,-26.519498314460577,,,,
224,Kandrian,-6.252428891528268,150.05858923971675,79.36,81.0,100.0,10.09
225,Moron,47.49626108111369,98.55945638622273,77.74,61.0,40.0,14.97
226,Soligalich,59.325656673726826,41.871055255461414,-7.74,91.0,18.0,5.55
227,Svetlogorsk,67.48352478336597,91.488110579872,5.74,95.0,100.0,4.88
228,Carnarvon,-27.537389265979556,110.00384844792688,69.8,94.0,0.0,21.85
229,Nome,69.1176422807294,-164.75442510766447,-13.0,53.0,1.0,10.36
230,Sciacca,36.13893832673877,12.534317742486223,50.36,98.0,100.0,4.0
231,Bristol,37.032338952145096,-81.85509694276045,31.01,52.0,87.0,4.0
232,Jacksonville,30.370391450254715,-81.82278329089924,77.63,73.0,75.0,5.75
233,Yinchuan,38.29842006052991,106.40928797188923,39.47,66.0,100.0,1.52
234,Vila Velha,-30.980507700328175,-23.14778807517223,82.08,69.0,20.0,12.66
235,Port-Gentil,-5.345446824025629,0.14473981443273942,84.2,84.0,40.0,8.05
236,Raymondville,26.810377359793833,-98.00133341867972,82.6,61.0,90.0,18.41
237,Copiapo,-27.198454770456117,-70.77081101588414,69.8,56.0,0.0,10.36
238,Nigde,37.81957980534497,34.98378407728282,36.25,82.0,0.0,2.42
239,Mrirt,30.036125686996883,-4.505279565748651,,,,
240,Barentsburg,74.23551443001458,5.254493299076358,,,,
241,Airai,8.337398619803821,139.49758025798667,61.05,100.0,95.0,1.25
242,Tokur,54.029928565739624,132.95742188025463,-15.81,90.0,29.0,3.04
243,Qarayeri,40.84201998005028,46.288438314913975,48.2,81.0,75.0,6.91
244,Sal Rei,15.211271347762633,-20.78350814093298,69.8,78.0,75.0,17.27
245,Sola,-10.573598509343427,171.8621387475073,81.95,75.0,25.0,12.26
246,Haines Junction,62.75386512035726,-141.8456299104448,-27.4,51.0,6.0,1.14
247,Nalut,30.340912099515037,11.391679147726649,54.3,37.0,0.0,2.73
248,Rosarito,30.45266383910007,-119.02880191256648,60.19,63.0,40.0,9.22
249,Ossora,60.950402264244644,164.12429362694365,15.3,95.0,100.0,8.81
250,Khatanga,87.26214690682988,103.56397311773429,-17.79,84.0,58.0,5.28
251,Jamestown,-16.898391191381464,-12.045202410134834,23.4,58.0,75.0,4.61
252,Mae Hong Son,19.826891206668293,98.18359721901862,59.36,62.0,0.0,1.41
253,Poya,-24.99366833958331,162.66502344817468,76.89,77.0,50.0,6.15
254,Noumea,-25.221409700532135,163.9771655418915,76.14,94.0,75.0,2.3
255,Torbay,44.860157953441046,-43.279039966379315,25.45,80.0,75.0,14.97
256,Ambatolampy,-19.346622061287206,47.42185601864648,64.4,94.0,75.0,6.91
257,New Norfolk,-51.8844738540372,136.49060617002147,50.77,71.0,0.0,2.33
258,Tessalit,20.216495843219832,0.4159490128768084,71.64,17.0,0.0,9.53
259,Ayr,-20.078957587303506,147.44251816248948,25.3,86.0,0.0,3.44
260,Shimoda,24.41038669436807,141.82691576990146,37.99,63.0,0.0,1.99
261,Sorong,-2.9253182206428363,131.35182049328728,81.18,80.0,100.0,4.34
262,Saleaula,-8.279950608070436,-171.48279962019924,,,,
263,Lompoc,31.792786418780423,-125.46135531290184,58.8,67.0,1.0,18.41
264,Bengkulu,-7.090078416243301,99.60475100308986,74.55,88.0,63.0,5.06
265,Ixtapa,13.642770670668781,-103.4989841825663,73.4,73.0,1.0,11.5
266,Bossembele,4.984488458944085,17.2645981512064,,,,
267,Ostrovnoy,81.74151024714004,40.594426030793386,7.21,93.0,48.0,18.14
268,Miles City,47.83065457173481,-105.96412357656916,-4.0,50.0,90.0,5.75
269,Port Macquarie,-33.23071101243656,157.85470122598178,62.98,99.0,65.0,3.31
270,Grafton,48.37576598503588,-97.71597988561152,28.24,43.0,75.0,13.8
271,Ambilobe,-9.687091764262703,47.912490690124656,74.75,92.0,100.0,1.81
272,Grand Gaube,-16.238029955355515,61.698808335316215,77.0,79.0,31.0,8.99
273,Nouadhibou,23.023340346705524,-16.060313379570545,68.0,68.0,0.0,16.11
274,Bandipur,34.46634044811333,74.80515610428228,46.44,91.0,0.0,2.06
275,Conceicao Da Barra,-18.497485857533334,-39.84530983380725,77.2,81.0,49.0,6.46
276,Acu,-5.450055124106896,-37.03627103077028,91.4,55.0,75.0,20.71
277,Nuevitas,22.28930052110769,-76.91365955056696,86.0,51.0,20.0,16.11
278,Constitucion,15.652296698692481,-125.23005254649766,68.38,73.0,27.0,4.14
279,Adrar,29.192317428143582,2.1233436810709634,68.72,19.0,26.0,9.89
280,Salalah,13.560042138289248,60.943090858504036,77.0,27.0,0.0,6.91
281,Flinders,-36.43562631367383,131.34284517847175,61.77,87.0,5.0,1.01
282,San Carlos,-17.124052418758552,-63.76840060619479,90.77,28.0,36.0,8.61
283,Gobabis,-20.94810373190205,19.76077945101153,70.27,59.0,100.0,13.44
284,Clyde River,67.613418788221,-76.68841911194255,6.8,92.0,0.0,43.73
285,Merrill,46.07911442744012,-89.47042733060619,4.5,51.0,75.0,8.05
286,Abu Zabad,13.387623224436723,29.22890904188469,69.75,24.0,57.0,7.47
287,Elkhart,41.806228270032335,-85.89417011011076,20.43,68.0,90.0,5.75
288,Vestmanna,70.38514976697493,-8.766286126355595,23.0,80.0,46.0,2.3
289,Coquimbo,-28.83812577128316,-73.8099598134142,68.0,68.0,40.0,10.36
290,Palu,-0.5021168295943568,119.10681491336362,76.14,80.0,91.0,1.79
291,Olinda,-8.618968991305778,-28.59643457948266,80.6,69.0,40.0,10.36
292,Nieuw Amsterdam,8.334225314414581,-55.25779363654921,83.59,58.0,20.0,5.75
293,Bilma,17.94864344352709,14.97300644836514,70.47,19.0,0.0,6.38
294,Arroio Grande,-32.97223495811732,-52.49034301771802,74.37,81.0,83.0,12.15
295,Springville,40.367437942053954,-111.01294396792515,45.39,53.0,75.0,3.44
296,Ninotsminda,41.25782146796351,43.36935049670825,32.0,86.0,20.0,1.14
297,Rey Bouba,8.760769130216744,14.702995141883491,75.97,16.0,66.0,1.32
298,Tasiilaq,63.24214751159542,-32.603393983381466,10.4,52.0,75.0,4.61
299,Jucuapa,13.472363594371714,-88.38972850577622,92.3,34.0,0.0,8.05
300,Linkou,45.027683382821465,130.002812205463,6.76,92.0,17.0,1.77
301,Souillac,-22.215103901917203,57.746047624594524,78.8,78.0,75.0,11.5
302,Mahebourg,-33.33025111718661,72.19303908260835,78.8,78.0,75.0,11.5
303,Severo-Yeniseyskiy,59.75279022210785,93.52964422887243,-18.36,89.0,93.0,4.92
304,Karratha,-23.178797957391566,115.94135261141884,84.13,53.0,0.0,11.52
305,Meulaboh,1.863903208624265,95.98637527008793,76.66,89.0,74.0,4.47
306,Barguzin,53.2758694062008,109.95368971611606,7.63,85.0,100.0,2.71
307,Saint-Pierre,39.46726001150219,-54.87352239968948,77.61,69.0,0.0,4.61
308,Cacapava Do Sul,-30.360297111912068,-53.45828667531758,76.01,67.0,96.0,6.91
309,Kulhudhuffushi,6.708080092213223,73.09939791611237,81.39,63.0,53.0,3.98
310,Pimenta Bueno,-11.837424956457028,-60.889305645364956,76.93,93.0,100.0,2.28
311,Luderitz,-27.243194348792457,6.523047091958887,68.34,76.0,19.0,6.93
312,Kashi,39.203620096006944,74.9025322006799,48.2,29.0,95.0,6.71
313,Povenets,62.676092436598054,34.7476800716783,-9.18,91.0,78.0,2.62
314,Vao,-27.773628923545957,171.51531944204316,76.32,83.0,18.0,12.77
315,San Juan,22.349968769198597,-66.22889407886049,82.76,33.0,33.0,8.43
316,Algiers,37.805238678088074,3.1388678531228607,62.6,77.0,20.0,26.46
317,Laguna,-30.544132243959503,-45.12474217279575,63.81,63.0,1.0,5.75
318,Dingle,48.81252117963277,-20.285102310992272,74.68,88.0,67.0,1.3
319,Arraial Do Cabo,-29.525296817740106,-41.213059737187564,79.57,73.0,40.0,9.22
320,Eureka,41.767670557945735,-128.8681220566117,55.17,74.0,0.0,4.0
321,Paramonga,-13.766229219442607,-83.74462379795818,77.43,61.0,62.0,7.72
322,Dhamtari,20.491006485151885,81.58890889265143,59.81,33.0,6.0,4.59
323,Islamkot,24.27682652104822,70.00566516131852,65.39,25.0,30.0,7.47
324,Mendi,9.754165393525952,34.847526328924715,55.29,97.0,85.0,2.24
325,Flin Flon,55.90163633212015,-101.51998851808519,-20.2,52.0,75.0,6.91
326,Port Blair,9.81603522233506,88.9432611938671,75.92,68.0,6.0,8.48
327,Yaring,7.899783849607147,101.90331700384985,75.56,86.0,77.0,6.78
328,Port Lincoln,-41.13052782977949,129.3834328146479,76.73,42.0,56.0,10.98
329,Ahuimanu,30.13794405598516,-154.05406654485284,72.72,49.0,75.0,6.91
330,Hofn,65.3238733095325,-15.06072908453936,30.2,93.0,75.0,4.61
331,Khvoynaya,58.968317124809545,34.66472064176085,0.39,93.0,99.0,4.52
332,Lata,-9.164405654267455,166.12154343178486,57.34,91.0,100.0,1.01
333,Habiganj,24.199836882670326,91.4083246669087,58.75,53.0,0.0,1.16
334,Chagda,56.890278048499795,128.68727252221242,,,,
335,Havre,48.534546378551454,-110.72568361197807,25.72,68.0,0.0,8.05
336,Escanaba,46.12374312372205,-87.24110756290382,5.0,72.0,90.0,8.05
337,Hovd,41.76550540256167,102.05521506262733,11.62,56.0,61.0,9.53
338,Victoria,3.1750980530014346,62.06855555005038,59.23,88.0,81.0,4.99
339,Kiruna,67.64015890204459,19.952370375077095,15.8,92.0,90.0,4.61
340,Ellisras,-23.43748926288717,28.566930164224487,75.94,58.0,99.0,9.33
341,Carlyle,49.601248472882304,-102.38561768462633,21.54,88.0,100.0,3.0
342,Ouro Preto Do Oeste,-11.03541666124444,-62.7565881782709,76.57,91.0,100.0,4.68
343,Hobyo,1.6121565385719805,51.57708191645497,77.16,76.0,62.0,19.89
344,Antofagasta,-23.115033826243177,-74.61375552986291,71.6,68.0,20.0,13.8
345,Lolua,-4.6622732016971895,177.61358967955198,,,,
346,Arman,57.278861097377074,148.63090378305367,12.49,89.0,100.0,12.24
347,Lensk,60.56494999816826,114.34070739946156,5.77,92.0,100.0,5.23
348,Yangambi,-1.1897044918835604,24.148702106072278,74.91,48.0,99.0,1.61
349,Avera,-34.541043492979966,-156.71741077998922,70.45,73.0,90.0,8.05
350,Saint-Georges,4.883121986008703,-50.097649717023074,78.8,69.0,40.0,17.27
351,Antalaha,-15.449891823921718,50.82979241566491,77.27,84.0,100.0,1.25
352,Muroto,29.72956763920544,135.87182287292615,50.49,49.0,45.0,8.12
353,Caarapo,-22.77268413491258,-54.43360642863955,76.98,78.0,99.0,2.59
354,Narsaq,78.37873037642913,-66.44790656160208,33.8,27.0,20.0,24.16
355,Neiafu,-17.485207106499672,-171.98785412475218,80.6,89.0,75.0,10.36
356,Cranbrook,48.95398433205969,-115.67596964438768,8.6,56.0,40.0,4.61
357,Mayo,63.39794482664945,-133.5884737154789,36.97,65.0,90.0,5.75
358,Bonavista,50.634959012799044,-52.003187183610365,24.78,80.0,99.0,9.22
359,Alta Floresta,-10.128584831869333,-56.14973245548504,86.0,70.0,40.0,4.61
360,Tual,-5.7755615342863535,130.62576810267063,83.37,78.0,100.0,13.29
361,Haibowan,41.93609345817822,107.69823533893322,,,,
362,Chumikan,55.86751882941013,132.9249753510283,2.34,88.0,100.0,18.52
363,Cahors,44.563264920941776,1.2738317372212862,45.59,93.0,0.0,2.3
364,Itupiranga,-4.322189904367875,-49.10893180324541,86.0,79.0,75.0,4.61
365,Tiznit,27.574819503345694,-9.836529394209833,55.58,83.0,56.0,3.42
366,Mao,14.529727633633698,14.416454439226214,50.0,81.0,0.0,5.75
367,Mandalgovi,43.09256786967083,105.22020336454409,20.84,95.0,64.0,24.16
368,Xinqing,48.52054153762205,129.50487435919837,2.52,93.0,79.0,3.13
369,Talnakh,79.70601139429681,92.96941624812405,-13.36,80.0,79.0,3.31
370,Andevoranto,-18.949272473219864,49.91769400782616,,,,
371,Katwijk,52.359136615830664,4.304196111528597,25.79,88.0,51.0,1.99
372,Husavik,67.56122669212732,-16.89150425472971,15.8,92.0,90.0,3.44
373,Ngukurr,-18.970785027682197,133.63644204568698,,,,
374,Nanakuli,11.782324736625611,-164.30218680275885,72.72,46.0,1.0,4.61
375,Dunedin,-51.4023495807254,177.31763066173266,62.46,47.0,94.0,1.99
376,Kalmunai,8.452209918216539,86.36740767732198,71.29,76.0,99.0,6.93
377,Seoul,37.346433211600015,129.21349634504992,30.25,93.0,75.0,1.14
378,Sisimiut,66.92750542931981,-54.178245135000154,14.63,87.0,0.0,5.12
379,Cherkasskoye,52.53460571049902,47.13647141183182,4.68,94.0,100.0,5.82
380,Sarankhola,20.293374118986534,89.59333398725573,60.64,51.0,0.0,3.31
381,Grindavik,53.64657197015225,-30.96622742630896,33.8,93.0,75.0,8.05
382,Aquiraz,2.123902167942788,-34.18377983871389,84.2,74.0,20.0,12.66
383,Lucea,18.637078540547122,-78.57394087609232,82.72,74.0,40.0,20.71
384,Tarhunah,32.52154812475726,13.414306888117693,,,,
385,Manokwari,1.7329668098473405,135.31602374862365,78.75,80.0,100.0,5.59
386,Pestyaki,56.82021544015879,42.7237329862098,6.15,95.0,100.0,8.57
387,Gat,26.4523790524064,8.354299931921645,57.7,100.0,0.0,4.85
388,Faya,21.803783168838578,18.051630720368166,55.4,58.0,0.0,3.51
389,Athens,31.993659135597127,-95.94463206175563,56.21,75.0,30.0,5.66
390,Vitim,60.41391706103036,111.0907917703459,2.37,92.0,100.0,4.43
391,Lahad Datu,5.231278948472564,117.59796103521273,76.1,91.0,40.0,5.37
392,Turtkul,42.7233629395657,62.050669797161675,,,,
393,Clyde,-45.67521696016752,169.45538801486123,18.66,75.0,100.0,9.57
394,Kurumkan,55.2315167384144,111.26120323217299,8.83,84.0,100.0,4.41
395,Ganzhou,25.123718635732402,115.65902457719903,51.87,92.0,100.0,6.04
396,Mirnyy,61.64834617353998,113.19857634097332,-11.87,90.0,83.0,3.15
397,Tomatlan,18.569172693712403,-106.99126581964258,82.92,45.0,0.0,9.44
398,Auki,-7.250895029897535,161.48887308088928,80.85,82.0,20.0,5.68
399,Duliagaon,27.23588852576215,95.44279943946822,58.84,58.0,31.0,1.79
400,Ishikari,43.70166323256916,141.19580652028787,12.2,100.0,75.0,2.3
401,Veraval,17.129349468804477,67.08133145431282,70.11,46.0,100.0,10.2
402,Karaul,71.04299797363055,84.41074471071198,,,,
403,Kamenskoye,63.30491171675354,163.25123057291495,,,,
404,Amzya,56.41983162290512,54.526213128062096,-10.19,87.0,32.0,5.86
405,Marsa Matruh,30.632573005608165,26.78866699803862,53.6,71.0,0.0,1.14
406,Victoria Falls,-18.21712899700529,26.069027912089894,66.79,92.0,99.0,2.48
407,Lima,-12.926467125314844,-78.9534110566546,79.41,61.0,75.0,10.36
408,Polunochnoye,61.48393912853663,60.41610803043682,-22.94,84.0,0.0,2.59
409,Daytona Beach,29.158536389127107,-81.11027287130474,72.43,69.0,75.0,9.22
410,Aklavik,73.60430637322463,-137.45842281356556,-25.6,68.0,0.0,3.44
411,Bathsheba,14.401459836653132,-54.24891615437484,82.4,57.0,40.0,21.85
412,Cayenne,10.382499982430133,-41.0704840763095,75.2,100.0,75.0,6.91
413,Tambun,-5.3989606076790295,107.11359491597642,77.68,88.0,20.0,5.75
414,Makat,47.704940542124604,55.04363311468131,33.3,94.0,97.0,6.38
415,Sinegorsk,46.98396212727661,142.45235158449475,-0.4,78.0,40.0,2.24
416,Caconda,-13.966724154479124,14.992327786524129,61.47,77.0,100.0,6.76
417,Port Hardy,41.6133367507839,-140.36753134927937,30.9,74.0,75.0,5.75
418,Toyooka,35.514641549641794,134.87035440933101,41.09,75.0,77.0,5.73
419,Quetigny,47.22022331506389,5.216897582154957,26.64,74.0,90.0,10.36
420,Horta,37.98190491695915,-27.87545136295708,60.8,63.0,40.0,26.46
421,Whitecourt,54.70870833727861,-116.17502419953024,-18.4,32.0,75.0,16.11
422,Oussouye,11.888044969091212,-17.090723707367687,84.2,51.0,0.0,4.61
423,Klaksvik,68.87418260555293,-7.821511406753473,23.0,80.0,87.0,2.3
424,Chiang Klang,19.153519689887816,101.28409095510477,60.01,66.0,0.0,1.79
425,Vinh,19.278086513205935,105.20939634436007,59.76,88.0,48.0,2.64
426,Shenjiamen,30.873244121777333,122.94398961653047,50.18,94.0,100.0,14.7
427,Whitehorse,60.288445442920704,-136.10424792289453,-23.8,69.0,20.0,14.97
428,Banfora,10.685392192860547,-4.303215180773066,82.6,14.0,26.0,4.16
429,Vrangel,42.271204078077716,132.97151694670572,21.33,91.0,0.0,6.15
430,Linxia,33.053299860647925,100.3560278563599,36.21,71.0,93.0,6.67
431,Teknaf,20.909169596064615,92.71168724817949,62.87,51.0,0.0,6.42
432,Havre-Saint-Pierre,49.49142436140326,-63.26062905961632,12.2,48.0,1.0,16.11
433,Wakkanai,45.996092921524166,140.45659014708178,26.02,88.0,100.0,11.72
434,Kununurra,-15.755789074040663,127.84988221772682,77.0,78.0,97.0,3.13
435,Tpig,41.783598910676886,47.609457115052436,38.25,65.0,100.0,8.05
436,Mehamn,82.9192049365214,30.01560037442951,24.8,58.0,40.0,20.71
437,Carutapera,2.6053055215378293,-43.661867282652,81.03,77.0,100.0,7.76
438,Westport,55.576197660124336,-11.852063441740967,32.05,59.0,1.0,9.22
439,Port Shepstone,-32.21537695623644,32.49837756150808,77.07,86.0,97.0,14.92
440,Reconquista,-29.5618056947121,-61.03639423193704,84.51,40.0,93.0,6.2
441,Vila,-18.41927519863141,166.28469179195747,46.99,93.0,100.0,5.12
442,Aksu,36.7019522029904,82.52529987085461,34.68,75.0,99.0,3.36
443,Portel,-2.2189154307859127,-51.04288221818399,83.57,66.0,97.0,4.41
444,Lukovetskiy,63.89819129893539,42.07043105140448,-4.0,77.0,90.0,4.47
445,Vadakku Valliyur,8.261558960774266,77.75398611059296,69.64,79.0,96.0,10.18
446,Hamilton,31.4402616570966,-69.70351139916897,21.58,86.0,90.0,9.22
447,Tura,67.53217503452953,96.30587687319405,59.7,46.0,3.0,1.9
448,Lodingen,68.47802799324506,15.99740707437482,23.45,93.0,75.0,2.3
449,Novouzensk,50.49702729491301,47.8503447162073,12.79,96.0,100.0,8.41
450,Vanimo,-4.216182240008806,140.61870510766653,77.58,85.0,100.0,5.06
451,Saint-Francois,21.774692054368614,-49.665242866948546,30.56,86.0,90.0,9.22
452,Actopan,19.532760556927116,-96.56046457922122,75.16,21.0,20.0,7.16
453,Nabire,-2.866109159131838,135.26665845334315,76.3,91.0,100.0,3.71
454,Rio De Jesus,7.6816729145145075,-81.15642177811577,92.7,35.0,4.0,11.05
455,Maragogi,-9.360185109053617,-34.49895228016558,79.41,81.0,13.0,11.34
456,Barsovo,59.92121976532792,73.46264916862015,-23.8,76.0,0.0,8.95
457,Saint-Augustin,51.4898017912096,-60.56426118786162,13.42,95.0,100.0,12.62
458,Bubaque,7.45512441615746,-19.499667178435374,77.23,79.0,48.0,13.22
459,Ondjiva,-15.94293358257869,15.96565761972252,71.53,75.0,100.0,6.87
460,Yichun,47.42957039987317,128.98137256473086,2.43,94.0,86.0,1.57
461,Ajra,16.079267074082466,74.17928278570989,64.89,36.0,8.0,1.97
462,Wewak,-2.8759802215733146,143.75519560707346,77.45,88.0,100.0,8.81
463,Zalantun,47.90503307846299,122.16254256843911,11.39,94.0,100.0,1.01
464,Parbatipur,25.808677837024504,88.79065046791254,62.73,49.0,46.0,2.84
465,Uruzgan,32.641100217513056,66.92929879409544,44.33,51.0,1.0,2.91
466,Saint-Leu,-23.52011139570145,52.81988150239883,72.57,61.0,32.0,3.71
467,Tselinnoye,53.06633083453576,85.39912259618626,-12.55,89.0,100.0,7.43
468,Castrillon,43.34448659354729,-6.87278213712105,50.0,87.0,20.0,2.3
469,Port Hawkesbury,41.42646496955993,-60.501516679526475,19.51,68.0,90.0,13.8
470,Pevek,80.32758207419397,168.593805017262,-14.33,70.0,0.0,1.25
471,Zachagansk,50.63498942531908,51.13187107821011,,,,
472,Dolores,-35.89014176284893,-57.02575334367309,73.02,68.0,61.0,16.58
473,Katunino,64.09297054903146,40.536908842920894,-4.0,77.0,90.0,4.47
474,Puerto Ayacucho,5.0271826099161245,-64.77872522819769,92.97,40.0,21.0,11.5
475,Marquette,46.41192279496286,-87.2653134765816,10.0,50.0,100.0,7.18
476,Yuzhno-Yeniseyskiy,59.76957181770862,96.15969821902206,,,,
477,Tulum,20.006819933878162,-87.16938860594539,82.83,61.0,40.0,8.05
478,Honiara,-9.998579438312149,159.30145914444273,81.09,79.0,74.0,1.68
479,Hibbing,47.39759944531832,-93.18935329298381,-5.03,54.0,1.0,10.36
480,Bosaso,13.18050439869333,47.52896558263271,72.86,70.0,76.0,1.95
481,Shalakusha,62.21362559472212,40.4054526752667,-10.25,87.0,16.0,2.84
482,Gustavo Diaz Ordaz,26.436839953423345,-98.59833599299648,83.39,64.0,99.0,4.0
483,Huarmey,-16.785913693130112,-91.76551626816571,76.62,64.0,31.0,6.98
484,Mitu,1.6367697242915114,-68.78565731865126,80.64,88.0,100.0,4.68
485,Te Anau,-41.23579206505862,160.013734940296,50.18,86.0,100.0,8.25
486,Boende,-1.0664660480145471,19.58873150782665,76.64,54.0,93.0,1.72
487,Gazanjyk,38.88437031474632,55.08666183770586,48.69,54.0,0.0,13.58
488,Upernavik,82.85350594950725,-52.87823161598101,0.9,92.0,39.0,16.73
489,Yangjiang,21.10893779614281,112.59743798737321,57.56,91.0,0.0,4.63
490,Pemangkat,4.535320994944797,108.31141284855909,76.32,88.0,83.0,7.02
491,Imbituba,-28.979869827762336,-43.45069495792194,78.8,69.0,40.0,11.5
492,Sambava,-13.345700927073082,55.6603528649006,76.37,90.0,100.0,2.95
493,Dori,14.198918717241469,0.15968351298633365,80.11,13.0,0.0,9.89
494,Vorotynets,56.4719135548803,45.69632579435449,5.54,95.0,100.0,8.72
495,Santa Isabel Do Rio Negro,0.5473702831418592,-65.56077156933318,90.88,51.0,83.0,4.18
496,Tolmachevo,58.80339153767949,29.972505305483935,-16.6,76.0,0.0,8.95
497,Taoudenni,20.894031186964355,-3.1119046969791384,69.96,19.0,0.0,11.1
498,Portland,-61.06051962308972,127.50468473304142,42.85,61.0,75.0,3.44
499,Mount Gambier,-39.584719440157755,139.34143558042166,66.2,63.0,74.0,4.61
500,Susanville,40.660693627133384,-121.00644582812015,51.8,54.0,1.0,2.24
501,Saint-Louis,-22.964067866943324,54.10858169050056,81.28,13.0,89.0,11.79
502,Bahia Honda,23.85471845636968,-84.05940940626054,79.84,68.0,67.0,12.12
503,Kulu,38.82952786342858,33.07534627950531,45.37,63.0,0.0,6.4
504,Kasongo-Lunda,-6.326822004268607,17.682383658187433,71.96,90.0,100.0,1.36
505,Tabasalu,59.55821050220854,24.32320199822186,5.0,85.0,0.0,2.3
506,Nouakchott,17.846679047737467,-19.188635824666164,77.0,8.0,13.0,9.22
507,Aviles,45.77732460224183,-6.345363918933515,51.62,87.0,20.0,2.3
508,Los Llanos De Aridane,27.13017097853745,-20.747707724748153,60.58,77.0,75.0,4.61
509,Madanapalle,13.514902098821551,78.35106943708428,59.2,84.0,48.0,4.32
510,Pauini,-7.73595163633351,-66.14184111825186,85.37,66.0,97.0,1.16
511,Miguel Auza,24.515851805034018,-103.70188520401103,74.71,16.0,0.0,13.02
512,Morondava,-19.589287478050124,44.60011354531568,77.25,87.0,100.0,13.49
513,Praia,6.129544966323692,-23.14654227431356,69.8,78.0,0.0,14.97
514,Aflu,32.76328334512877,2.6378087823937904,,,,
515,Yining,45.12592297932173,82.63281327073787,50.99,92.0,100.0,3.22
516,Tavda,58.19245039500504,65.11413171759756,-19.79,87.0,0.0,4.56
517,Tasbuget,45.49038290875728,65.23346182444166,,,,
518,Christchurch,-48.652984196858355,177.87605333473596,65.88,32.0,0.0,12.66
519,Bumba,2.3579694854386446,22.883866206212815,77.2,36.0,100.0,1.32
520,Solsvik,59.66128291667951,3.2942246763297476,,,,
521,Jalu,23.073705790367313,22.535016538556107,58.98,30.0,0.0,6.46
522,La Ronge,55.11698339316146,-103.7132353894773,-20.2,63.0,100.0,4.61
523,High Level,59.03053844342023,-117.52119453493296,-14.8,70.0,75.0,5.75
524,Bundaberg,-25.008040869302747,151.97959645949965,68.77,88.0,15.0,8.05
525,Sinnamary,13.612224357046912,-49.14409011177091,78.26,78.0,98.0,11.03
526,Shishou,29.789539650807328,112.51850869366365,50.85,82.0,99.0,5.75
527,Ottumwa,41.06901428548835,-92.45672155900273,10.83,56.0,90.0,10.36
528,Samarkand,40.2294165212287,66.851186324781,60.8,36.0,0.0,11.5
529,Lander,42.42008660065602,-108.48611638947585,17.53,53.0,1.0,3.44
530,College Station,30.556837156480455,-95.96410202378904,41.99,87.0,90.0,10.36
531,Octeville,49.32903132635113,-2.2308151517024726,33.8,64.0,90.0,10.36
532,Rancho Palos Verdes,32.110172494478704,-119.66158010936081,59.02,77.0,75.0,10.36
533,Menomonie,44.962091140206724,-91.81681204220662,5.86,51.0,1.0,12.66
534,Dwarka,21.738660326593603,66.42754738427487,68.13,64.0,93.0,5.12
535,Consett,54.85448445990431,-2.0439979116837605,24.44,93.0,0.0,2.3
536,Segezha,63.44561779130302,33.7555370121589,-4.49,91.0,46.0,4.68
537,Aripuana,-8.804980631438198,-59.71659658430268,81.3,87.0,88.0,1.88
538,Ikongo,-21.900808195289784,47.67537362407643,69.39,91.0,100.0,0.69
539,Duverge,18.187189488438207,-71.46709590172853,84.2,79.0,20.0,20.71
540,Half Moon Bay,31.322644223041394,-136.12917229725807,57.94,76.0,90.0,9.22
541,Petropavlovsk-Kamchatskiy,49.7977760033034,163.16366561317608,23.0,68.0,100.0,6.71
542,Marietta,39.55748724151087,-81.09864497745272,68.2,43.0,75.0,4.59
543,Severnoye,56.63992935776133,78.86287874449681,-25.8,85.0,0.0,7.81
544,Lisala,1.506852438761939,21.814450167437542,75.11,34.0,100.0,1.77
545,Thinadhoo,-0.3676467024314576,67.37223843263249,81.39,77.0,66.0,12.39
546,Berezovka,51.16684260786002,127.22759193985155,8.92,95.0,100.0,5.37
547,Arkhara,49.270313239507914,130.55049148453946,0.3,93.0,100.0,4.79
548,Ust-Kamchatsk,53.09770172614628,162.73284041027773,,,,
549,Karasburg,-27.877591237747772,18.387786278385846,76.15,48.0,80.0,2.75
550,Amapa,3.8485012971657824,-49.574867233461305,75.99,96.0,100.0,3.27
551,Le Port,-19.560757154124147,53.87563158531421,71.82,78.0,75.0,12.66
552,Kruisfontein,-49.7351791534503,26.259833011661044,71.01,88.0,41.0,2.42
553,Careiro Da Varzea,-3.145895213010675,-59.83205679794055,87.8,70.0,40.0,4.61
554,Chokurdakh,88.73168609749018,150.191304795537,-11.52,89.0,82.0,8.77
555,Ostersund,63.69991462970171,15.197125590788517,1.4,92.0,0.0,6.91
556,Preobrazheniye,41.88635276288454,133.70156847467462,21.02,90.0,0.0,9.17
557,Yemelyanovo,56.21174453031665,92.71332437451309,-2.2,78.0,40.0,6.71
558,Presidencia Roque Saenz Pena,-27.967921515659107,-61.17359362127438,82.0,56.0,99.0,4.0
559,Umzimvubu,-41.04877152080667,36.486900522581124,,,,
560,San Isidro,6.508951677992556,127.9902738149217,79.48,61.0,75.0,10.36
561,Palmer,62.69891686352892,-149.12619936980673,28.11,46.0,75.0,6.91
562,Tutoia,-1.466877005730268,-42.51726467730575,84.2,79.0,40.0,12.66
563,Karauzyak,44.26288641434655,60.01221994126817,,,,
564,Novikovo,46.06983990742819,143.91842264135892,25.36,98.0,99.0,5.66
565,Tshane,-24.974572338897573,21.976154438819407,74.52,60.0,65.0,7.38
566,Codajas,-3.905601565463982,-62.228358411406546,84.2,77.0,74.0,3.31
567,Mombasa,-4.221871504638912,40.16583359474396,80.6,78.0,20.0,9.22
568,Viedma,-45.491212254976496,-59.36112001592784,82.99,40.0,24.0,21.7
569,Tommot,57.862733157504806,127.35190791020204,-6.7,87.0,96.0,1.52
570,Comodoro Rivadavia,-47.027252685449554,-69.51861792688217,68.0,77.0,40.0,4.61
571,Vila Do Maio,14.304244412525179,-21.221819676713125,69.8,78.0,0.0,14.97
572,Kieta,0.7633543398879112,160.78351259106734,80.13,84.0,80.0,9.6
573,Hearst,51.740544120385806,-84.69158728673132,-5.8,45.0,100.0,3.44
574,Staraya Mayna,54.54065796911516,49.00856148554365,6.8,78.0,90.0,6.71
575,Kadykchan,61.44586281784362,145.46375131094663,,,,
576,Bage,-31.357831163476455,-53.8465372545498,73.4,73.0,75.0,9.22
577,Tigil,57.412195795532654,156.84281990112123,16.93,91.0,57.0,5.01
578,Plettenberg Bay,-45.63423341501276,23.63010693873747,67.51,92.0,26.0,1.59
579,Maceio,-11.53772338406371,-33.84709573587989,82.4,69.0,75.0,11.5
580,Marrakesh,30.15367006756827,-5.915800825143549,62.6,67.0,0.0,4.61
581,Qaqortoq,64.17374215017352,-44.1598024370216,33.8,27.0,20.0,24.16
582,Ormara,24.840253750960628,64.87020995416086,72.93,49.0,100.0,5.37
583,Alyangula,-15.969421937183313,138.8741656417847,80.6,94.0,40.0,9.73
584,Redcliffe,-19.094487621194787,28.974576918765877,68.38,78.0,75.0,5.75
585,Dicabisagan,18.374142579334645,127.73311027529098,74.98,87.0,80.0,3.76
586,Banda Aceh,3.745354508489072,91.02834175887557,78.85,79.0,11.0,4.25
587,Sosnogorsk,64.00760820669322,53.79157923986671,-19.1,87.0,2.0,2.91
588,Urucui,-7.666417109041362,-44.824227952959546,79.84,82.0,85.0,3.71
589,Fayaoue,-20.01481984080401,165.82624721494182,79.41,71.0,0.0,11.18
590,Marystown,46.97574639900347,-55.095942405354094,24.55,89.0,54.0,25.55
591,Gorontalo,0.8876409354889603,121.31192709941553,76.32,89.0,81.0,2.93
592,Abha,18.86269775415512,42.09943054658149,55.4,58.0,0.0,0.76
593,Baykit,60.73727351974938,97.307375100037,-11.6,85.0,100.0,2.77
594,Katsuura,22.20961007140876,154.24017722529305,43.97,71.0,20.0,9.22
595,Margara,39.926292062422675,44.23448921803771,39.2,75.0,17.0,3.44
596,Mumford,3.5861783762577346,-0.31185512433313534,82.08,83.0,0.0,11.79
597,Bodden Town,16.83860694046956,-81.03443350319368,82.02,70.0,40.0,10.36
598,Ratnagiri,16.70736207267184,71.93860419497543,72.32,41.0,26.0,4.81
599,Santa Vitoria Do Palmar,-34.89423348632064,-50.73931574599129,74.82,76.0,100.0,10.87
600,Poronaysk,48.75137229715111,145.15079181261325,8.17,90.0,52.0,6.98
601,Abapo,-19.006846961817175,-62.86808676832847,61.79,100.0,100.0,1.34
602,Cheltenham,51.89437570421072,-2.0795044831845075,27.64,85.0,0.0,4.0
603,Tecoanapa,8.100024206329508,-101.48486201154113,83.89,59.0,0.0,12.01
604,West Wendover,40.92001304106975,-114.27796801176623,48.2,37.0,40.0,4.61
605,Strezhevoy,61.27453080501604,78.21889950620431,-18.4,76.0,90.0,8.95
606,Halalo,-15.71457021745016,-178.95372820508396,,,,
607,Shihezi,44.413851763708635,85.6443114399425,15.21,95.0,99.0,0.96
608,Kawana Waters,-26.05689923818035,157.06514706182077,,,,
609,Dong Hoi,17.493994473209895,106.84112761446187,60.17,80.0,9.0,3.85
610,Biloela,-25.320819840783386,150.9297407657765,70.05,73.0,100.0,7.18
611,Nemuro,38.35622582945189,149.72946553815376,22.19,90.0,92.0,11.43
612,Micheweni,-6.019214392085047,44.7555402651343,81.41,76.0,74.0,13.82
613,Giyani,-23.35344777154893,30.60339368626842,73.63,79.0,5.0,8.68
614,Vangaindrano,-24.153827328533083,47.64005847740842,73.45,89.0,100.0,3.83
615,Port Keats,-12.110978713635532,126.89632520835028,80.94,87.0,82.0,9.31
616,Bol,7.648850314001976,14.991273838063904,75.67,38.0,8.0,10.89
617,Manzhouli,46.95336465724881,116.92815551257871,6.22,95.0,95.0,4.29
618,Ongandjera,-18.16265121389732,14.945396351346119,70.43,79.0,100.0,15.03
619,Biltine,15.95571917814516,21.449812840151566,68.22,24.0,0.0,7.99
620,Muros,45.8015319850667,-13.952155595004086,51.06,92.0,100.0,7.0
621,Salihorsk,52.53068721032582,27.18360327319718,10.11,96.0,100.0,6.93
622,Louisbourg,38.382333721294174,-58.513196634923546,,,,
623,Manaus,-2.1648589341008346,-59.719928645405034,87.8,70.0,40.0,4.61
624,Parkes,-32.77769186606932,148.3256047176601,66.99,73.0,0.0,5.01
625,Alofi,-22.598311743437748,-170.99122671962868,82.4,89.0,75.0,5.75
626,Toshkivka,48.9906427734912,38.81295911648439,39.65,98.0,100.0,10.56
627,Suleja,9.53314135599625,7.618408339345194,86.0,37.0,0.0,2.3
628,Mazagao,-0.31505347669096295,-51.98558500159865,84.2,65.0,75.0,3.6
629,Batemans Bay,-39.66484458108093,153.23622136301742,58.96,91.0,9.0,2.59
630,Roma,-28.35223316824814,145.45511135155886,24.73,54.0,90.0,8.05
631,Mayya,61.32417808738117,131.04538406363196,-32.8,68.0,0.0,1.79
632,Naze,26.23004348638183,130.45202929604824,57.69,71.0,100.0,16.13
633,Spas-Klepiki,54.83826576971748,40.31327151803947,4.71,94.0,93.0,5.7
